"BROKEN","EPIC","FAILED","FEATURE","PASSED","SKIPPED","STORY","UNKNOWN"
"0","Books API","0","CRUD Operations on Books","1","0","Get Books","0"
"0","Authors API","0","CRUD Operations on Authors","1","0","Delete Author","0"
"0","Authors API","0","CRUD Operations on Authors","1","0","Create Author","0"
"0","Books API","0","CRUD Operations on Books","1","0","Delete Book","0"
"0","Books API","0","CRUD Operations on Books","1","0","Update Book","0"
"0","Authors API","0","CRUD Operations on Authors","1","0","Update Author","0"
"0","Books API","0","CRUD Operations on Books","1","0","Get Book - Negative Case","0"
"0","Authors API","0","CRUD Operations on Authors","1","0","Get Authors","0"
"0","Books API","0","CRUD Operations on Books","1","0","Create Book","0"
"0","Authors API","0","CRUD Operations on Authors","1","0","Get Author - Negative","0"
